course_name,total_alunos,frequencia_media,desempenho_medio
Administração,282,74.88297872340425,5.090425531914893
Ciência de Dados,235,73.2595744680851,5.302127659574468
Direito,245,78.04081632653062,4.744489795918367
Engenharia de Software,238,75.0546218487395,5.023949579831933
