course_name,total_alunos,taxa_comparecimento,taxa_aprovacao,taxa_evasao_prevista,frequencia_media,desempenho_medio,bolsa_media
Administração,282,1.0,0.41843971631205673,0.4787234042553192,74.88297872340425,5.090425531914893,39.45035460992908
Ciência de Dados,235,1.0,0.4723404255319149,0.5787234042553191,73.2595744680851,5.302127659574468,42.97872340425532
Direito,245,1.0,0.34285714285714286,0.3836734693877551,78.04081632653062,4.744489795918367,42.3469387755102
Engenharia de Software,238,1.0,0.42436974789915966,0.4831932773109244,75.0546218487395,5.023949579831933,41.38655462184874
